{
  "ecom_arb_scan": 1772402618.499996,
  "freelance_scan": 1772406044.045841,
  "gov_monitor": 1772395218.3412008,
  "x_ingest_copy_style": 1772397261.061846,
  "alpha_monitor": 1772402477.033984,
  "unified_alpha_monitor": 1772397423.174498,
  "triggering_events": 1772415110.312354,
  "venture_map_exec": 1772402682.487376
}
