{
  "ecom_arb_scan": 1772485770.732411,
  "freelance_scan": 1772499717.314027,
  "gov_monitor": 1772490617.198703,
  "x_ingest_copy_style": 1772485465.932199,
  "alpha_monitor": 1772499684.587261,
  "unified_alpha_monitor": 1772485626.083317,
  "triggering_events": 1772487101.601069,
  "venture_map_exec": 1772485974.297451
}
