{
  "ecom_arb_scan": 1771617815.47969,
  "freelance_scan": 1771630234.192907,
  "gov_monitor": 1771623430.391016,
  "x_ingest_copy_style": 1771623257.124296,
  "alpha_monitor": 1771617667.11786,
  "unified_alpha_monitor": 1771623414.619821,
  "triggering_events": 1771619505.034658,
  "venture_map_exec": 1771618010.3153129
}
