{
  "ecom_arb_scan": 1772550220.665569,
  "freelance_scan": 1772564435.2719371,
  "gov_monitor": 1772555417.998803,
  "x_ingest_copy_style": 1772485465.932199,
  "alpha_monitor": 1772550069.3142452,
  "unified_alpha_monitor": 1772485626.083317,
  "triggering_events": 1772551900.894772,
  "venture_map_exec": 1772550278.4353962
}
