{
  "ecom_arb_scan": 1771896818.135573,
  "freelance_scan": 1771894833.01881,
  "gov_monitor": 1771878622.206382,
  "x_ingest_copy_style": 1771868068.3096051,
  "alpha_monitor": 1771896671.190939,
  "unified_alpha_monitor": 1771868230.7106361,
  "triggering_events": 1771875106.031703,
  "venture_map_exec": 1771896876.0149179
}
