{
  "ecom_arb_scan": 1772309426.8985338,
  "freelance_scan": 1772328635.2976372,
  "gov_monitor": 1772314218.357198,
  "x_ingest_copy_style": 1772309062.441101,
  "alpha_monitor": 1772309127.524686,
  "unified_alpha_monitor": 1772309291.925102,
  "triggering_events": 1772317909.883522,
  "venture_map_exec": 1772309481.501589
}
