{
  "ecom_arb_scan": 1772060536.031567,
  "freelance_scan": 1772062234.427375,
  "gov_monitor": 1772055018.316958,
  "x_ingest_copy_style": 1772044462.9610019,
  "alpha_monitor": 1772058666.4723132,
  "unified_alpha_monitor": 1772044653.480055,
  "triggering_events": 1772047911.724988,
  "venture_map_exec": 1772060723.452393
}
