{
  "ecom_arb_scan": 1771967015.970824,
  "freelance_scan": 1771977637.437771,
  "gov_monitor": 1771975819.2672582,
  "x_ingest_copy_style": 1771956259.012107,
  "alpha_monitor": 1771966867.54927,
  "unified_alpha_monitor": 1771956480.045229,
  "triggering_events": 1771972319.457407,
  "venture_map_exec": 1771967217.836185
}
