{
  "ecom_arb_scan": 1771803217.884597,
  "freelance_scan": 1771810236.9869409,
  "gov_monitor": 1771808419.189899,
  "x_ingest_copy_style": 1771779868.154009,
  "alpha_monitor": 1771803068.456403,
  "unified_alpha_monitor": 1771780085.466251,
  "triggering_events": 1771804906.551348,
  "venture_map_exec": 1771803290.719935
}
