{
  "ecom_arb_scan": 1772241007.587051,
  "freelance_scan": 1772236843.07394,
  "gov_monitor": 1772220855.224776,
  "x_ingest_copy_style": 1772220618.99833,
  "alpha_monitor": 1772240481.806145,
  "unified_alpha_monitor": 1772220838.779684,
  "triggering_events": 1772224304.003881,
  "venture_map_exec": 1772242265.7388349
}
