{
  "ecom_arb_scan": 1771421551.5040152,
  "freelance_scan": 1771432232.9597938,
  "gov_monitor": 1771428619.151975,
  "x_ingest_copy_style": 1771358661.1077602,
  "alpha_monitor": 1771416070.057499,
  "unified_alpha_monitor": 1771358823.985447,
  "triggering_events": 1771430544.010674
}
