{
  "ecom_arb_scan": 1771538611.840569,
  "freelance_scan": 1771551032.959048,
  "gov_monitor": 1771543819.5355709,
  "x_ingest_copy_style": 1771535062.388463,
  "alpha_monitor": 1771538468.5483909,
  "unified_alpha_monitor": 1771535224.953194,
  "triggering_events": 1771540301.240928,
  "venture_map_exec": 1771549280.719888
}
